datetime,open,high,low,close,volume
2026-07-15T12:00:00+00:00,4036.315,4079.3849999999998,4024.775,4057.5749999999994,510169.889207874
2026-07-16T00:00:00+00:00,4057.5749999999994,4060.8249999999994,4020.9049999999993,4038.0549999999994,398408
2026-07-16T12:00:00+00:00,4038.0549999999994,4043.0349999999994,3968.8449999999993,3987.4449999999993,623699.5870061325
2026-07-17T00:00:00+00:00,3987.4449999999993,4010.104999999999,3972.204999999999,3995.544999999999,538524
2026-07-17T12:00:00+00:00,3995.544999999999,4025.264999999999,3961.1149999999993,4014.8849999999993,541222
2026-07-19T12:00:00+00:00,4014.8849999999993,4020.484999999999,4002.394999999999,4008.454999999999,43392.32567639643
2026-07-20T00:00:00+00:00,4008.454999999999,4053.834999999999,3995.564999999999,4038.384999999999,489655
2026-07-20T12:00:00+00:00,4038.384999999999,4038.384999999999,4011.294999999999,4022.8849999999993,422403.3668637031
2026-07-21T00:00:00+00:00,4022.8849999999993,4097.264999999999,4016.734999999999,4069.0949999999993,360583
2026-07-21T12:00:00+00:00,4069.0949999999993,4099.615,4057.554999999999,4091.8950000000013,367108.54004208767
2026-07-22T00:00:00+00:00,4091.8950000000013,4152.655000000001,4087.805000000001,4133.535000000001,436652
2026-07-22T12:00:00+00:00,4133.535000000001,4176.985000000001,4117.575000000001,4139.385,449945.40291978786
2026-07-23T00:00:00+00:00,4139.385,4146.925,4079.0249999999987,4091.574999999999,448962
2026-07-23T12:00:00+00:00,4091.574999999999,4091.8749999999986,4046.0049999999987,4053.204999999999,498779.8142402929
2026-07-24T00:00:00+00:00,4053.204999999999,4070.064999999999,4028.024999999999,4063.874999999999,328632
2026-07-24T12:00:00+00:00,4063.874999999999,4088.124999999999,4050.884999999999,4061.584999999999,338557
2026-07-26T12:00:00+00:00,4061.584999999999,4102.855,4056.844999999999,4100.4349999999995,34965.09925682226
2026-07-27T00:00:00+00:00,4100.4349999999995,4122.315,4090.7849999999976,4100.074999999993,342480
2026-07-27T12:00:00+00:00,4100.074999999993,4103.894999999994,4071.5549999999944,4081.8149999999932,403209.14159251656
2026-07-28T00:00:00+00:00,4081.8149999999932,4082.744999999993,4025.474999999993,4036.574999999993,411423
2026-07-28T12:00:00+00:00,4036.574999999993,4055.514999999993,4020.124999999993,4034.6649999999927,437440.71149468893
2026-07-29T00:00:00+00:00,4034.6649999999927,4057.4749999999926,4020.1849999999927,4042.794999999993,349960
2026-07-29T12:00:00+00:00,4042.794999999993,4126.364999999993,4005.964999999993,4098.324999999993,789270.0391021
2026-07-30T00:00:00+00:00,4098.324999999993,4106.694999999994,4042.0349999999976,4091.2149999999983,590541
2026-07-30T12:00:00+00:00,4091.2149999999983,4133.474999999998,4078.6949999999983,4119.014999999999,497324.58494993584
2026-07-31T00:00:00+00:00,4119.014999999999,4120.1849999999995,4063.4150000000054,4066.8250000000057,292323
2026-07-31T12:00:00+00:00,4066.8250000000057,4072.4350000000054,4034.265000000006,4064.0250000000055,383472
2026-08-02T12:00:00+00:00,4064.0250000000055,4087.315000000006,4057.0250000000055,4082.935000000006,40851.86117448133
2026-08-03T00:00:00+00:00,4082.935000000006,4087.005000000006,4053.445000000006,4070.475000000006,353073
2026-08-03T12:00:00+00:00,4070.475000000006,4073.165000000006,4027.075000000006,4071.625000000006,300599.7481841069
2026-08-04T00:00:00+00:00,4071.625000000006,4102.015000000007,4060.2650000000062,4092.7450000000067,285188
2026-08-04T12:00:00+00:00,4092.7450000000067,4123.875000000013,4078.7150000000065,4090.425000000004,340125.45938803896
2026-08-05T00:00:00+00:00,4090.425000000004,4210.595000000004,4088.2550000000037,4206.725000000004,324197
2026-08-05T12:00:00+00:00,4206.725000000004,4300.855000000005,4201.025000000004,4296.945000000005,487176.83158121863
2026-08-06T00:00:00+00:00,4296.945000000005,4322.965000000005,4266.085000000005,4282.135000000005,414857
2026-08-06T12:00:00+00:00,4282.135000000005,4294.105000000005,4242.285000000005,4265.915000000005,427201.14483162644
2026-08-07T00:00:00+00:00,4265.915000000005,4341.3350000000055,4243.255000000006,4334.775000000005,371658
2026-08-07T12:00:00+00:00,4334.775000000005,4385.385000000005,4314.655000000005,4354.515000000005,529241
2026-08-09T12:00:00+00:00,4354.515000000005,4369.755000000006,4351.645000000005,4352.765000000005,28724.100770676418
2026-08-10T00:00:00+00:00,4352.765000000005,4382.0850000000055,4333.285000000005,4355.135000000006,332158
2026-08-10T12:00:00+00:00,4355.135000000006,4421.3750000000055,4336.635000000006,4421.0850000000055,444975.0217983651
2026-08-11T00:00:00+00:00,4421.0850000000055,4454.155000000005,4375.535000000005,4406.515000000005,397359
2026-08-11T12:00:00+00:00,4406.515000000005,4423.065000000005,4379.0450000000055,4390.485000000004,397799.1518788628
2026-08-12T00:00:00+00:00,4390.485000000004,4443.335000000005,4385.375000000005,4431.825000000004,295044
2026-08-12T12:00:00+00:00,4431.825000000004,4460.625000000005,4399.885000000005,4431.430000000005,525652.5070997349
2026-08-13T00:00:00+00:00,4431.430000000005,4466.660000000005,4381.160000000005,4404.720000000005,388026
2026-08-13T12:00:00+00:00,4404.720000000005,4418.890000000005,4360.620000000005,4373.810000000005,480307.1053968537
2026-08-14T00:00:00+00:00,4373.810000000005,4386.490000000005,4328.010000000006,4386.300000000006,340275
2026-08-14T12:00:00+00:00,4386.300000000006,4413.830000000005,4383.110000000005,4392.780000000005,305046
2026-08-16T12:00:00+00:00,4392.780000000005,4397.820000000005,4378.050000000005,4381.190000000005,30555.285544568294
2026-08-17T00:00:00+00:00,4381.190000000005,4427.310000000005,4378.920000000005,4407.730000000005,306290
2026-08-17T12:00:00+00:00,4407.730000000005,4439.740000000005,4388.170000000005,4438.280000000005,397383.77352420986
2026-08-18T00:00:00+00:00,4438.280000000005,4448.550000000006,4398.4200000000055,4408.320000000005,310282
2026-08-18T12:00:00+00:00,4408.320000000005,4418.850000000005,4341.380000000006,4347.640000000006,508591.1443792446
2026-08-19T00:00:00+00:00,4347.640000000006,4388.700000000006,4339.120000000006,4379.300000000006,323471
2026-08-19T12:00:00+00:00,4379.300000000006,4546.260000000007,4376.680000000006,4530.400000000006,671389.4218175451
2026-08-20T00:00:00+00:00,4530.400000000006,4539.530000000006,4484.170000000006,4485.710000000006,363305
2026-08-20T12:00:00+00:00,4485.710000000006,4559.6300000000065,4469.3400000000065,4543.690000000006,601518.0576235102
2026-08-21T00:00:00+00:00,4543.690000000006,4621.960000000006,4526.420000000006,4614.490000000006,387709
2026-08-21T12:00:00+00:00,4614.490000000006,4649.560000000006,4580.900000000006,4625.560000000006,526555
2026-08-23T12:00:00+00:00,4608.07,4624.52,4604.74,4624.01,42516
2026-08-24T00:00:00+00:00,4624.01,4669.9,4594.49,4657.68,516623
2026-08-24T12:00:00+00:00,4657.68,4682.42,4625.14,4679.82,643992
2026-08-25T00:00:00+00:00,4679.82,4696.62,4617.78,4642.55,513517
2026-08-25T12:00:00+00:00,4642.55,4673.69,4605.24,4654.83,464488
2026-08-26T00:00:00+00:00,4654.83,4670.58,4613.35,4624.5,352916
2026-08-26T12:00:00+00:00,4624.5,4633.13,4583.03,4623.49,499191
2026-08-27T00:00:00+00:00,4623.49,4642.07,4568.219999999999,4597.24,359987
2026-08-27T12:00:00+00:00,4597.24,4617.039999999999,4564.0599999999995,4594.42,472625
2026-08-28T00:00:00+00:00,4594.42,4614.54,4571.28,4593.32,352806
2026-08-28T12:00:00+00:00,4593.32,4630.21,4445.31,4456.77,950955
2026-08-30T12:00:00+00:00,4456.77,4466.72,4433.87,4458.32,52665
2026-08-31T00:00:00+00:00,4458.32,4472.01,4396.4,4455.26,450518
2026-08-31T12:00:00+00:00,4455.26,4460.8,4415.59,4452.24,495963
2026-09-01T00:00:00+00:00,4452.24,4461.43,4364.32,4374.65,477939
2026-09-01T12:00:00+00:00,4374.65,4375.94,4322.89,4324.53,594062
2026-09-02T00:00:00+00:00,4324.53,4334.45,4288.45,4289.72,140308
